,Model,Price
0,"Samsung UE65TU7172 65"" LED UltraHD 4K",619€
1,"Samsung UE65TU8072U 65"" LED UltraHD 4K",699€
2,"Samsung UE65TU7105 65"" LED UltraHD 4K",659€
3,"Samsung UE65RU7305 65"" LED UltraHD 4K Curvo",739€
4,"Samsung QE65Q80TAT 65"" QLED UltraHD 4K",1499€1799€
5,"Samsung QE65Q80TAT 65"" QLED UltraHD 4K Reacondicionado","1438,95€"
6,"Samsung UE65TU8005 65"" LED UltraHD 4K Reacondicionado","711,35€"
7,"Samsung UE65TU8505 65"" LED UltraHD 4K",779€879€
8,"Samsung UE65TU7072 65"" LED UltraHD 4K","650,08€"
9,"Samsung UE65RU7105KXXC 65"" LED UltraHD 4K","978,58€"
10,"Samsung UE65NU7025 65"" LED UltraHD 4K","1124,98€"
11,"Samsung LH65QMREBGC 65"" Pantalla Profesional LED UltraHD 4K","1285,93€"
12,"Samsung UE65NU7505 65"" LED UltraHD 4K",2750€
13,"Samsung UE65TU7005KXXC 65"" LED UltraHD 4K","759,86€"
14,"Samsung UE65TU8005 65"" LED UltraHD 4K",769€
